<?xml version="1.0" encoding="UTF-8" standalone="yes"?><vehicleCollectionElement creationDate="2011-02-19T09:53:43.940+11:00" license="http://www.data.nsw.gov.au/files/apps4nsw_RTA_bus_arrival_data_licence_CC-BY-NC-ND.PDF" copyright="NSW Roads and Traffic Authority"><vehicle vehicleID="4952" longitude="151.75035" latitude="-32.92628" tripStatus="TRIP NOT STARTED" routeDirection="2" routeVariant="13" routeName="310" serviceDescription="10:10 - Newcastle Stn City Terminus to Alick St, Belmont" organisation="Newcastle Buses"/><vehicle vehicleID="1912" longitude="151.30288" latitude="-33.67958" tripStatus="ACTIVE" routeDirection="1" routeVariant="1" routeName="156" serviceDescription="09:30 - McCarrs Creek to Manly Wharf" organisation="Sydney Buses"/><vehicle vehicleID="3139" longitude="151.2359" latitude="-33.90592" tripStatus="INVALID ROUTE" routeDirection="2" routeVariant="2" routeName="373" serviceDescription="23:45 - Circular Quay to Coogee" organisation="Sydney Buses"/><vehicle vehicleID="2012" longitude="151.28619" latitude="-33.75308" tripStatus="ACTIVE" routeDirection="1" routeVariant="15" routeName="180" serviceDescription="00:22 - Collaroy Plateau to Brookvale Depot" organisation="Sydney Buses"/><vehicle vehicleID="3799" longitude="151.20983" latitude="-33.86354" tripStatus="ACTIVE" routeDirection="1" routeVariant="27" routeName="422" serviceDescription="09:11 - Tempe to Circular Quay" organisation="Sydney Buses"/><vehicle vehicleID="1220" longitude="151.21874" latitude="-33.92499" tripStatus="ACTIVE" routeDirection="1" routeVariant="3" routeName="302" serviceDescription="09:46 - Eastgardens to Circular Quay" organisation="Sydney Buses"/><vehicle vehicleID="1200" longitude="151.04539" latitude="-33.79498" tripStatus="ACTIVE" routeDirection="2" routeVariant="40" routeName="545" serviceDescription="08:46 - Chatswood Stn - westside to Parramatta Station" organisation="Sydney Buses"/><vehicle vehicleID="4810" longitude="151.20382" latitude="-33.79855" tripStatus="TRIP NOT STARTED" routeDirection="1" routeVariant="12" routeName="261" serviceDescription="10:08 - Lane Cove Shops to Q.V.B. York St" organisation="Sydney Buses"/><vehicle vehicleID="1511" longitude="151.17714" latitude="-33.80567" tripStatus="TRIP NOT STARTED" routeDirection="1" routeVariant="34" routeName="254" serviceDescription="09:56 - Ross Smith Pde &amp; Burns Bay Rd to Q.V.B. York St" organisation="Sydney Buses"/><vehicle vehicleID="3693" longitude="151.13504" latitude="-33.96992" tripStatus="ACTIVE" routeDirection="2" routeVariant="17" routeName="476" serviceDescription="09:40 - Rockdale Stn (Tramway Arc) to Rockdale Stn (Tramway Arc)" organisation="Sydney Buses"/><vehicle vehicleID="4992" longitude="151.3245" latitude="-33.5989" tripStatus="TRIP ENDED" routeDirection="2" routeVariant="30" routeName="L90" serviceDescription="18:25 - Railway Square to Palm Beach" organisation="Sydney Buses"/></vehicleCollectionElement>