<?xml version="1.0" encoding="UTF-8" standalone="yes"?><vehicleCollectionElement creationDate="2011-02-19T09:46:40.154+11:00" license="http://www.data.nsw.gov.au/files/apps4nsw_RTA_bus_arrival_data_licence_CC-BY-NC-ND.PDF" copyright="NSW Roads and Traffic Authority"><vehicle vehicleID="1912" longitude="151.3011" latitude="-33.66129" tripStatus="ACTIVE" routeDirection="1" routeVariant="1" routeName="156" serviceDescription="09:30 - McCarrs Creek to Manly Wharf" organisation="Sydney Buses"/><vehicle vehicleID="3139" longitude="151.2359" latitude="-33.90592" tripStatus="INVALID ROUTE" routeDirection="2" routeVariant="2" routeName="373" serviceDescription="23:45 - Circular Quay to Coogee" organisation="Sydney Buses"/><vehicle vehicleID="2012" longitude="151.28619" latitude="-33.75308" tripStatus="ACTIVE" routeDirection="1" routeVariant="15" routeName="180" serviceDescription="00:22 - Collaroy Plateau to Brookvale Depot" organisation="Sydney Buses"/><vehicle vehicleID="3799" longitude="151.20694" latitude="-33.87313" tripStatus="ACTIVE" routeDirection="1" routeVariant="27" routeName="422" serviceDescription="09:11 - Tempe to Circular Quay" organisation="Sydney Buses"/><vehicle vehicleID="1200" longitude="151.05757" latitude="-33.79588" tripStatus="ACTIVE" routeDirection="2" routeVariant="40" routeName="545" serviceDescription="08:46 - Chatswood Stn - westside to Parramatta Station" organisation="Sydney Buses"/><vehicle vehicleID="1511" longitude="151.20395" latitude="-33.80416" tripStatus="TRIP NOT STARTED" routeDirection="1" routeVariant="34" routeName="254" serviceDescription="09:56 - Ross Smith Pde &amp; Burns Bay Rd to Q.V.B. York St" organisation="Sydney Buses"/><vehicle vehicleID="3693" longitude="151.1369" latitude="-33.96118" tripStatus="ACTIVE" routeDirection="2" routeVariant="17" routeName="476" serviceDescription="09:40 - Rockdale Stn (Tramway Arc) to Rockdale Stn (Tramway Arc)" organisation="Sydney Buses"/><vehicle vehicleID="4992" longitude="151.3245" latitude="-33.5989" tripStatus="TRIP ENDED" routeDirection="2" routeVariant="30" routeName="L90" serviceDescription="18:25 - Railway Square to Palm Beach" organisation="Sydney Buses"/></vehicleCollectionElement>